Order,Measured_R,Measured_G,Measured_B,Expected_R,Expected_G,Expected_B,MAE
RGB,0.125000, 0.250000, 0.500000,0.125000, 0.250000, 0.500000,0.000000
RBG,0.125000, 0.500000, 0.250000,0.125000, 0.500000, 0.250000,0.000000
GRB,0.250000, 0.125000, 0.500000,0.250000, 0.125000, 0.500000,0.000000
GBR,0.500000, 0.125000, 0.250000,0.500000, 0.125000, 0.250000,0.000000
BRG,0.250000, 0.500000, 0.125000,0.250000, 0.500000, 0.125000,0.000000
BGR,0.500000, 0.250000, 0.125000,0.500000, 0.250000, 0.125000,0.000000

